"시도","시군구","레벨01","항목","단위","2019. 12 월",
"서울","계","승용","계","","2670803",
"서울","계","승합","계","","114310",
"서울","계","화물","계","","330840",
"서울","계","특수","계","","8204",
"서울","계","총계","계","","3124157",
"서울","강남구","승용","계","","213230",
"서울","강남구","승합","계","","5948",
"서울","강남구","화물","계","","15831",
"서울","강남구","특수","계","","406",
"서울","강남구","총계","계","","235415",
"서울","강동구","승용","계","","119220",
"서울","강동구","승합","계","","4618",
"서울","강동구","화물","계","","15421",
"서울","강동구","특수","계","","290",
"서울","강동구","총계","계","","139549",
"서울","강북구","승용","계","","63342",
"서울","강북구","승합","계","","3768",
"서울","강북구","화물","계","","9094",
"서울","강북구","특수","계","","160",
"서울","강북구","총계","계","","76364",
"서울","강서구","승용","계","","175694",
"서울","강서구","승합","계","","7348",
"서울","강서구","화물","계","","21208",
"서울","강서구","특수","계","","425",
"서울","강서구","총계","계","","204675",
"서울","관악구","승용","계","","102976",
"서울","관악구","승합","계","","4526",
"서울","관악구","화물","계","","12278",
"서울","관악구","특수","계","","270",
"서울","관악구","총계","계","","120050",
"서울","광진구","승용","계","","83181",
"서울","광진구","승합","계","","3382",
"서울","광진구","화물","계","","12463",
"서울","광진구","특수","계","","273",
"서울","광진구","총계","계","","99299",
"서울","구로구","승용","계","","120424",
"서울","구로구","승합","계","","6156",
"서울","구로구","화물","계","","17518",
"서울","구로구","특수","계","","367",
"서울","구로구","총계","계","","144465",
"서울","금천구","승용","계","","69930",
"서울","금천구","승합","계","","4169",
"서울","금천구","화물","계","","13325",
"서울","금천구","특수","계","","157",
"서울","금천구","총계","계","","87581",
"서울","노원구","승용","계","","133071",
"서울","노원구","승합","계","","5429",
"서울","노원구","화물","계","","13224",
"서울","노원구","특수","계","","347",
"서울","노원구","총계","계","","152071",
"서울","도봉구","승용","계","","81714",
"서울","도봉구","승합","계","","3685",
"서울","도봉구","화물","계","","10799",
"서울","도봉구","특수","계","","237",
"서울","도봉구","총계","계","","96435",
"서울","동대문구","승용","계","","81208",
"서울","동대문구","승합","계","","3647",
"서울","동대문구","화물","계","","12875",
"서울","동대문구","특수","계","","180",
"서울","동대문구","총계","계","","97910",
"서울","동작구","승용","계","","93256",
"서울","동작구","승합","계","","3164",
"서울","동작구","화물","계","","8678",
"서울","동작구","특수","계","","374",
"서울","동작구","총계","계","","105472",
"서울","마포구","승용","계","","101540",
"서울","마포구","승합","계","","4133",
"서울","마포구","화물","계","","11974",
"서울","마포구","특수","계","","260",
"서울","마포구","총계","계","","117907",
"서울","서대문구","승용","계","","75150",
"서울","서대문구","승합","계","","3249",
"서울","서대문구","화물","계","","8397",
"서울","서대문구","특수","계","","308",
"서울","서대문구","총계","계","","87104",
"서울","서초구","승용","계","","159258",
"서울","서초구","승합","계","","4851",
"서울","서초구","화물","계","","16722",
"서울","서초구","특수","계","","351",
"서울","서초구","총계","계","","181182",
"서울","성동구","승용","계","","89939",
"서울","성동구","승합","계","","5316",
"서울","성동구","화물","계","","10827",
"서울","성동구","특수","계","","181",
"서울","성동구","총계","계","","106263",
"서울","성북구","승용","계","","103131",
"서울","성북구","승합","계","","5026",
"서울","성북구","화물","계","","10980",
"서울","성북구","특수","계","","184",
"서울","성북구","총계","계","","119321",
"서울","송파구","승용","계","","206270",
"서울","송파구","승합","계","","6823",
"서울","송파구","화물","계","","27047",
"서울","송파구","특수","계","","419",
"서울","송파구","총계","계","","240559",
"서울","양천구","승용","계","","128764",
"서울","양천구","승합","계","","4970",
"서울","양천구","화물","계","","15368",
"서울","양천구","특수","계","","571",
"서울","양천구","총계","계","","149673",
"서울","영등포구","승용","계","","116250",
"서울","영등포구","승합","계","","5048",
"서울","영등포구","화물","계","","19493",
"서울","영등포구","특수","계","","1219",
"서울","영등포구","총계","계","","142010",
"서울","용산구","승용","계","","67160",
"서울","용산구","승합","계","","2431",
"서울","용산구","화물","계","","6817",
"서울","용산구","특수","계","","113",
"서울","용산구","총계","계","","76521",
"서울","은평구","승용","계","","111468",
"서울","은평구","승합","계","","5014",
"서울","은평구","화물","계","","13059",
"서울","은평구","특수","계","","279",
"서울","은평구","총계","계","","129820",
"서울","종로구","승용","계","","40900",
"서울","종로구","승합","계","","3772",
"서울","종로구","화물","계","","5200",
"서울","종로구","특수","계","","180",
"서울","종로구","총계","계","","50052",
"서울","중구","승용","계","","41182",
"서울","중구","승합","계","","3202",
"서울","중구","화물","계","","7128",
"서울","중구","특수","계","","224",
"서울","중구","총계","계","","51736",
"서울","중랑구","승용","계","","92545",
"서울","중랑구","승합","계","","4635",
"서울","중랑구","화물","계","","15114",
"서울","중랑구","특수","계","","429",
"서울","중랑구","총계","계","","112723",
"부산","계","승용","계","","1152712",
"부산","계","승합","계","","43687",
"부산","계","화물","계","","188272",
"부산","계","특수","계","","10512",
"부산","계","총계","계","","1395183",
"부산","강서구","승용","계","","56783",
"부산","강서구","승합","계","","2170",
"부산","강서구","화물","계","","16375",
"부산","강서구","특수","계","","631",
"부산","강서구","총계","계","","75959",
"부산","중구","승용","계","","23334",
"부산","중구","승합","계","","678",
"부산","중구","화물","계","","7357",
"부산","중구","특수","계","","1852",
"부산","중구","총계","계","","33221",
"부산","금정구","승용","계","","71189",
"부산","금정구","승합","계","","3380",
"부산","금정구","화물","계","","13579",
"부산","금정구","특수","계","","725",
"부산","금정구","총계","계","","88873",
"부산","기장군","승용","계","","60214",
"부산","기장군","승합","계","","2923",
"부산","기장군","화물","계","","11182",
"부산","기장군","특수","계","","304",
"부산","기장군","총계","계","","74623",
"부산","남구","승용","계","","80698",
"부산","남구","승합","계","","3125",
"부산","남구","화물","계","","14332",
"부산","남구","특수","계","","1771",
"부산","남구","총계","계","","99926",
"부산","동구","승용","계","","43249",
"부산","동구","승합","계","","1410",
"부산","동구","화물","계","","6182",
"부산","동구","특수","계","","1059",
"부산","동구","총계","계","","51900",
"부산","동래구","승용","계","","79490",
"부산","동래구","승합","계","","3215",
"부산","동래구","화물","계","","12288",
"부산","동래구","특수","계","","318",
"부산","동래구","총계","계","","95311",
"부산","부산진구","승용","계","","114327",
"부산","부산진구","승합","계","","4118",
"부산","부산진구","화물","계","","16206",
"부산","부산진구","특수","계","","611",
"부산","부산진구","총계","계","","135262",
"부산","북구","승용","계","","86063",
"부산","북구","승합","계","","3219",
"부산","북구","화물","계","","14398",
"부산","북구","특수","계","","286",
"부산","북구","총계","계","","103966",
"부산","사상구","승용","계","","68826",
"부산","사상구","승합","계","","3073",
"부산","사상구","화물","계","","17522",
"부산","사상구","특수","계","","467",
"부산","사상구","총계","계","","89888",
"부산","사하구","승용","계","","94864",
"부산","사하구","승합","계","","3796",
"부산","사하구","화물","계","","15636",
"부산","사하구","특수","계","","390",
"부산","사하구","총계","계","","114686",
"부산","서구","승용","계","","23736",
"부산","서구","승합","계","","1134",
"부산","서구","화물","계","","4610",
"부산","서구","특수","계","","121",
"부산","서구","총계","계","","29601",
"부산","수영구","승용","계","","83105",
"부산","수영구","승합","계","","2488",
"부산","수영구","화물","계","","7554",
"부산","수영구","특수","계","","457",
"부산","수영구","총계","계","","93604",
"부산","연제구","승용","계","","83627",
"부산","연제구","승합","계","","3125",
"부산","연제구","화물","계","","10747",
"부산","연제구","특수","계","","812",
"부산","연제구","총계","계","","98311",
"부산","영도구","승용","계","","27097",
"부산","영도구","승합","계","","1526",
"부산","영도구","화물","계","","4616",
"부산","영도구","특수","계","","85",
"부산","영도구","총계","계","","33324",
"부산","해운대구","승용","계","","156110",
"부산","해운대구","승합","계","","4307",
"부산","해운대구","화물","계","","15688",
"부산","해운대구","특수","계","","623",
"부산","해운대구","총계","계","","176728",
"대구","계","승용","계","","995003",
"대구","계","승합","계","","31688",
"대구","계","화물","계","","160458",
"대구","계","특수","계","","3005",
"대구","계","총계","계","","1190154",
"대구","중구","승용","계","","50744",
"대구","중구","승합","계","","1484",
"대구","중구","화물","계","","5141",
"대구","중구","특수","계","","52",
"대구","중구","총계","계","","57421",
"대구","남구","승용","계","","47788",
"대구","남구","승합","계","","1981",
"대구","남구","화물","계","","7695",
"대구","남구","특수","계","","153",
"대구","남구","총계","계","","57617",
"대구","동구","승용","계","","133869",
"대구","동구","승합","계","","4774",
"대구","동구","화물","계","","23367",
"대구","동구","특수","계","","554",
"대구","동구","총계","계","","162564",
"대구","북구","승용","계","","164744",
"대구","북구","승합","계","","5424",
"대구","북구","화물","계","","33326",
"대구","북구","특수","계","","614",
"대구","북구","총계","계","","204108",
"대구","서구","승용","계","","58380",
"대구","서구","승합","계","","2450",
"대구","서구","화물","계","","13299",
"대구","서구","특수","계","","216",
"대구","서구","총계","계","","74345",
"대구","달서구","승용","계","","236350",
"대구","달서구","승합","계","","6898",
"대구","달서구","화물","계","","36944",
"대구","달서구","특수","계","","721",
"대구","달서구","총계","계","","280913",
"대구","달성군","승용","계","","107875",
"대구","달성군","승합","계","","3919",
"대구","달성군","화물","계","","22074",
"대구","달성군","특수","계","","433",
"대구","달성군","총계","계","","134301",
"대구","수성구","승용","계","","195253",
"대구","수성구","승합","계","","4758",
"대구","수성구","화물","계","","18612",
"대구","수성구","특수","계","","262",
"대구","수성구","총계","계","","218885",
"인천","계","승용","계","","1383849",
"인천","계","승합","계","","51756",
"인천","계","화물","계","","192622",
"인천","계","특수","계","","7096",
"인천","계","총계","계","","1635323",
"인천","중구","승용","계","","57944",
"인천","중구","승합","계","","3070",
"인천","중구","화물","계","","17591",
"인천","중구","특수","계","","2081",
"인천","중구","총계","계","","80686",
"인천","동구","승용","계","","22362",
"인천","동구","승합","계","","1186",
"인천","동구","화물","계","","6106",
"인천","동구","특수","계","","367",
"인천","동구","총계","계","","30021",
"인천","서구","승용","계","","201141",
"인천","서구","승합","계","","8663",
"인천","서구","화물","계","","34761",
"인천","서구","특수","계","","852",
"인천","서구","총계","계","","245417",
"인천","강화군","승용","계","","70153",
"인천","강화군","승합","계","","3851",
"인천","강화군","화물","계","","9589",
"인천","강화군","특수","계","","128",
"인천","강화군","총계","계","","83721",
"인천","계양구","승용","계","","275292",
"인천","계양구","승합","계","","8187",
"인천","계양구","화물","계","","24268",
"인천","계양구","특수","계","","637",
"인천","계양구","총계","계","","308384",
"인천","남동구","승용","계","","250181",
"인천","남동구","승합","계","","8651",
"인천","남동구","화물","계","","32899",
"인천","남동구","특수","계","","724",
"인천","남동구","총계","계","","292455",
"인천","미추홀구","승용","계","","139552",
"인천","미추홀구","승합","계","","5564",
"인천","미추홀구","화물","계","","21960",
"인천","미추홀구","특수","계","","1197",
"인천","미추홀구","총계","계","","168273",
"인천","부평구","승용","계","","192904",
"인천","부평구","승합","계","","7425",
"인천","부평구","화물","계","","27972",
"인천","부평구","특수","계","","565",
"인천","부평구","총계","계","","228866",
"인천","연수구","승용","계","","166609",
"인천","연수구","승합","계","","4508",
"인천","연수구","화물","계","","13847",
"인천","연수구","특수","계","","506",
"인천","연수구","총계","계","","185470",
"인천","옹진군","승용","계","","7711",
"인천","옹진군","승합","계","","651",
"인천","옹진군","화물","계","","3629",
"인천","옹진군","특수","계","","39",
"인천","옹진군","총계","계","","12030",
"광주","계","승용","계","","560725",
"광주","계","승합","계","","20453",
"광주","계","화물","계","","92402",
"광주","계","특수","계","","2701",
"광주","계","총계","계","","676281",
"광주","남구","승용","계","","78292",
"광주","남구","승합","계","","2768",
"광주","남구","화물","계","","10383",
"광주","남구","특수","계","","262",
"광주","남구","총계","계","","91705",
"광주","동구","승용","계","","34597",
"광주","동구","승합","계","","1391",
"광주","동구","화물","계","","4578",
"광주","동구","특수","계","","104",
"광주","동구","총계","계","","40670",
"광주","북구","승용","계","","161450",
"광주","북구","승합","계","","6078",
"광주","북구","화물","계","","26890",
"광주","북구","특수","계","","802",
"광주","북구","총계","계","","195220",
"광주","서구","승용","계","","126201",
"광주","서구","승합","계","","4503",
"광주","서구","화물","계","","17260",
"광주","서구","특수","계","","387",
"광주","서구","총계","계","","148351",
"광주","광산구","승용","계","","160185",
"광주","광산구","승합","계","","5713",
"광주","광산구","화물","계","","33291",
"광주","광산구","특수","계","","1146",
"광주","광산구","총계","계","","200335",
"대전","계","승용","계","","563646",
"대전","계","승합","계","","21027",
"대전","계","화물","계","","86736",
"대전","계","특수","계","","2490",
"대전","계","총계","계","","673899",
"대전","중구","승용","계","","82937",
"대전","중구","승합","계","","3989",
"대전","중구","화물","계","","15204",
"대전","중구","특수","계","","382",
"대전","중구","총계","계","","102512",
"대전","동구","승용","계","","74455",
"대전","동구","승합","계","","3397",
"대전","동구","화물","계","","15172",
"대전","동구","특수","계","","407",
"대전","동구","총계","계","","93431",
"대전","서구","승용","계","","182249",
"대전","서구","승합","계","","5968",
"대전","서구","화물","계","","21792",
"대전","서구","특수","계","","630",
"대전","서구","총계","계","","210639",
"대전","대덕구","승용","계","","68891",
"대전","대덕구","승합","계","","3311",
"대전","대덕구","화물","계","","17946",
"대전","대덕구","특수","계","","546",
"대전","대덕구","총계","계","","90694",
"대전","유성구","승용","계","","155114",
"대전","유성구","승합","계","","4362",
"대전","유성구","화물","계","","16622",
"대전","유성구","특수","계","","525",
"대전","유성구","총계","계","","176623",
"울산","계","승용","계","","476409",
"울산","계","승합","계","","15043",
"울산","계","화물","계","","71434",
"울산","계","특수","계","","2753",
"울산","계","총계","계","","565639",
"울산","중구","승용","계","","88428",
"울산","중구","승합","계","","2629",
"울산","중구","화물","계","","11832",
"울산","중구","특수","계","","356",
"울산","중구","총계","계","","103245",
"울산","남구","승용","계","","134274",
"울산","남구","승합","계","","4042",
"울산","남구","화물","계","","20080",
"울산","남구","특수","계","","798",
"울산","남구","총계","계","","159194",
"울산","동구","승용","계","","55789",
"울산","동구","승합","계","","1692",
"울산","동구","화물","계","","4863",
"울산","동구","특수","계","","124",
"울산","동구","총계","계","","62468",
"울산","북구","승용","계","","98528",
"울산","북구","승합","계","","2708",
"울산","북구","화물","계","","11603",
"울산","북구","특수","계","","416",
"울산","북구","총계","계","","113255",
"울산","울주군","승용","계","","99390",
"울산","울주군","승합","계","","3972",
"울산","울주군","화물","계","","23056",
"울산","울주군","특수","계","","1059",
"울산","울주군","총계","계","","127477",
"경기","계","승용","계","","4737467",
"경기","계","승합","계","","210195",
"경기","계","화물","계","","799900",
"경기","계","특수","계","","18130",
"경기","계","총계","계","","5765692",
"경기","가평군","승용","계","","22462",
"경기","가평군","승합","계","","1662",
"경기","가평군","화물","계","","6511",
"경기","가평군","특수","계","","124",
"경기","가평군","총계","계","","30759",
"경기","고양시 덕양구","승용","계","","146812",
"경기","고양시 덕양구","승합","계","","5697",
"경기","고양시 덕양구","화물","계","","21276",
"경기","고양시 덕양구","특수","계","","371",
"경기","고양시 덕양구","총계","계","","174156",
"경기","고양시 일산동구","승용","계","","107641",
"경기","고양시 일산동구","승합","계","","4053",
"경기","고양시 일산동구","화물","계","","14671",
"경기","고양시 일산동구","특수","계","","323",
"경기","고양시 일산동구","총계","계","","126688",
"경기","고양시 일산서구","승용","계","","103474",
"경기","고양시 일산서구","승합","계","","3352",
"경기","고양시 일산서구","화물","계","","10873",
"경기","고양시 일산서구","특수","계","","196",
"경기","고양시 일산서구","총계","계","","117895",
"경기","과천시","승용","계","","19211",
"경기","과천시","승합","계","","739",
"경기","과천시","화물","계","","2108",
"경기","과천시","특수","계","","51",
"경기","과천시","총계","계","","22109",
"경기","광명시","승용","계","","89349",
"경기","광명시","승합","계","","4021",
"경기","광명시","화물","계","","13372",
"경기","광명시","특수","계","","242",
"경기","광명시","총계","계","","106984",
"경기","광주시","승용","계","","148460",
"경기","광주시","승합","계","","8959",
"경기","광주시","화물","계","","33188",
"경기","광주시","특수","계","","569",
"경기","광주시","총계","계","","191176",
"경기","구리시","승용","계","","59473",
"경기","구리시","승합","계","","2482",
"경기","구리시","화물","계","","10182",
"경기","구리시","특수","계","","235",
"경기","구리시","총계","계","","72372",
"경기","군포시","승용","계","","85056",
"경기","군포시","승합","계","","2999",
"경기","군포시","화물","계","","13234",
"경기","군포시","특수","계","","460",
"경기","군포시","총계","계","","101749",
"경기","김포시","승용","계","","169188",
"경기","김포시","승합","계","","7774",
"경기","김포시","화물","계","","30845",
"경기","김포시","특수","계","","995",
"경기","김포시","총계","계","","208802",
"경기","남양주시","승용","계","","233648",
"경기","남양주시","승합","계","","10524",
"경기","남양주시","화물","계","","45854",
"경기","남양주시","특수","계","","780",
"경기","남양주시","총계","계","","290806",
"경기","동두천시","승용","계","","30396",
"경기","동두천시","승합","계","","1686",
"경기","동두천시","화물","계","","6040",
"경기","동두천시","특수","계","","108",
"경기","동두천시","총계","계","","38230",
"경기","부천시","승용","계","","251949",
"경기","부천시","승합","계","","11851",
"경기","부천시","화물","계","","41381",
"경기","부천시","특수","계","","786",
"경기","부천시","총계","계","","305967",
"경기","성남시 분당구","승용","계","","174034",
"경기","성남시 분당구","승합","계","","4650",
"경기","성남시 분당구","화물","계","","10415",
"경기","성남시 분당구","특수","계","","299",
"경기","성남시 분당구","총계","계","","189398",
"경기","성남시 수정구","승용","계","","62134",
"경기","성남시 수정구","승합","계","","2836",
"경기","성남시 수정구","화물","계","","9241",
"경기","성남시 수정구","특수","계","","213",
"경기","성남시 수정구","총계","계","","74424",
"경기","성남시 중원구","승용","계","","60441",
"경기","성남시 중원구","승합","계","","3284",
"경기","성남시 중원구","화물","계","","11301",
"경기","성남시 중원구","특수","계","","220",
"경기","성남시 중원구","총계","계","","75246",
"경기","수원시 권선구","승용","계","","154288",
"경기","수원시 권선구","승합","계","","7081",
"경기","수원시 권선구","화물","계","","20976",
"경기","수원시 권선구","특수","계","","754",
"경기","수원시 권선구","총계","계","","183099",
"경기","수원시 영통구","승용","계","","135000",
"경기","수원시 영통구","승합","계","","3046",
"경기","수원시 영통구","화물","계","","8676",
"경기","수원시 영통구","특수","계","","246",
"경기","수원시 영통구","총계","계","","146968",
"경기","수원시 장안구","승용","계","","90867",
"경기","수원시 장안구","승합","계","","4460",
"경기","수원시 장안구","화물","계","","11178",
"경기","수원시 장안구","특수","계","","205",
"경기","수원시 장안구","총계","계","","106710",
"경기","수원시 팔달구","승용","계","","59407",
"경기","수원시 팔달구","승합","계","","3092",
"경기","수원시 팔달구","화물","계","","8434",
"경기","수원시 팔달구","특수","계","","229",
"경기","수원시 팔달구","총계","계","","71162",
"경기","시흥시","승용","계","","185531",
"경기","시흥시","승합","계","","7822",
"경기","시흥시","화물","계","","39994",
"경기","시흥시","특수","계","","599",
"경기","시흥시","총계","계","","233946",
"경기","안산시 단원구","승용","계","","124992",
"경기","안산시 단원구","승합","계","","7597",
"경기","안산시 단원구","화물","계","","25830",
"경기","안산시 단원구","특수","계","","512",
"경기","안산시 단원구","총계","계","","158931",
"경기","안산시 상록구","승용","계","","111927",
"경기","안산시 상록구","승합","계","","5707",
"경기","안산시 상록구","화물","계","","20702",
"경기","안산시 상록구","특수","계","","504",
"경기","안산시 상록구","총계","계","","138840",
"경기","안성시","승용","계","","77199",
"경기","안성시","승합","계","","4088",
"경기","안성시","화물","계","","21321",
"경기","안성시","특수","계","","423",
"경기","안성시","총계","계","","103031",
"경기","안양시 동안구","승용","계","","105758",
"경기","안양시 동안구","승합","계","","3809",
"경기","안양시 동안구","화물","계","","12914",
"경기","안양시 동안구","특수","계","","269",
"경기","안양시 동안구","총계","계","","122750",
"경기","안양시 만안구","승용","계","","71644",
"경기","안양시 만안구","승합","계","","3879",
"경기","안양시 만안구","화물","계","","11337",
"경기","안양시 만안구","특수","계","","190",
"경기","안양시 만안구","총계","계","","87050",
"경기","양주시","승용","계","","80188",
"경기","양주시","승합","계","","4621",
"경기","양주시","화물","계","","18701",
"경기","양주시","특수","계","","357",
"경기","양주시","총계","계","","103867",
"경기","양평군","승용","계","","44916",
"경기","양평군","승합","계","","2759",
"경기","양평군","화물","계","","12121",
"경기","양평군","특수","계","","196",
"경기","양평군","총계","계","","59992",
"경기","여주시","승용","계","","45564",
"경기","여주시","승합","계","","3027",
"경기","여주시","화물","계","","19266",
"경기","여주시","특수","계","","633",
"경기","여주시","총계","계","","68490",
"경기","연천군","승용","계","","16348",
"경기","연천군","승합","계","","1085",
"경기","연천군","화물","계","","10843",
"경기","연천군","특수","계","","593",
"경기","연천군","총계","계","","28869",
"경기","오산시","승용","계","","89298",
"경기","오산시","승합","계","","3946",
"경기","오산시","화물","계","","11663",
"경기","오산시","특수","계","","227",
"경기","오산시","총계","계","","105134",
"경기","용인시 기흥구","승용","계","","169538",
"경기","용인시 기흥구","승합","계","","5216",
"경기","용인시 기흥구","화물","계","","14975",
"경기","용인시 기흥구","특수","계","","363",
"경기","용인시 기흥구","총계","계","","190092",
"경기","용인시 수지구","승용","계","","131934",
"경기","용인시 수지구","승합","계","","2607",
"경기","용인시 수지구","화물","계","","6263",
"경기","용인시 수지구","특수","계","","78",
"경기","용인시 수지구","총계","계","","140882",
"경기","용인시 처인구","승용","계","","101808",
"경기","용인시 처인구","승합","계","","5921",
"경기","용인시 처인구","화물","계","","24024",
"경기","용인시 처인구","특수","계","","773",
"경기","용인시 처인구","총계","계","","132526",
"경기","의왕시","승용","계","","54360",
"경기","의왕시","승합","계","","1899",
"경기","의왕시","화물","계","","8232",
"경기","의왕시","특수","계","","388",
"경기","의왕시","총계","계","","64879",
"경기","의정부시","승용","계","","132278",
"경기","의정부시","승합","계","","6331",
"경기","의정부시","화물","계","","20038",
"경기","의정부시","특수","계","","423",
"경기","의정부시","총계","계","","159070",
"경기","이천시","승용","계","","87838",
"경기","이천시","승합","계","","4414",
"경기","이천시","화물","계","","21604",
"경기","이천시","특수","계","","664",
"경기","이천시","총계","계","","114520",
"경기","파주시","승용","계","","170043",
"경기","파주시","승합","계","","8954",
"경기","파주시","화물","계","","32301",
"경기","파주시","특수","계","","436",
"경기","파주시","총계","계","","211734",
"경기","평택시","승용","계","","222819",
"경기","평택시","승합","계","","10357",
"경기","평택시","화물","계","","38760",
"경기","평택시","특수","계","","1188",
"경기","평택시","총계","계","","273124",
"경기","포천시","승용","계","","65689",
"경기","포천시","승합","계","","4317",
"경기","포천시","화물","계","","22527",
"경기","포천시","특수","계","","566",
"경기","포천시","총계","계","","93099",
"경기","하남시","승용","계","","93784",
"경기","하남시","승합","계","","3301",
"경기","하남시","화물","계","","16393",
"경기","하남시","특수","계","","265",
"경기","하남시","총계","계","","113743",
"경기","화성시","승용","계","","350721",
"경기","화성시","승합","계","","14290",
"경기","화성시","화물","계","","60335",
"경기","화성시","특수","계","","1077",
"경기","화성시","총계","계","","426423",
"세종","계","승용","계","","142265",
"세종","계","승합","계","","4439",
"세종","계","화물","계","","16255",
"세종","계","특수","계","","380",
"세종","계","총계","계","","163339",
"세종","세종특별자치시","승용","계","","142265",
"세종","세종특별자치시","승합","계","","4439",
"세종","세종특별자치시","화물","계","","16255",
"세종","세종특별자치시","특수","계","","380",
"세종","세종특별자치시","총계","계","","163339",
"강원","계","승용","계","","594377",
"강원","계","승합","계","","29269",
"강원","계","화물","계","","155862",
"강원","계","특수","계","","3192",
"강원","계","총계","계","","782700",
"강원","강릉시","승용","계","","85986",
"강원","강릉시","승합","계","","3781",
"강원","강릉시","화물","계","","18870",
"강원","강릉시","특수","계","","529",
"강원","강릉시","총계","계","","109166",
"강원","고성군","승용","계","","9906",
"강원","고성군","승합","계","","601",
"강원","고성군","화물","계","","3659",
"강원","고성군","특수","계","","51",
"강원","고성군","총계","계","","14217",
"강원","동해시","승용","계","","36188",
"강원","동해시","승합","계","","1692",
"강원","동해시","화물","계","","7176",
"강원","동해시","특수","계","","268",
"강원","동해시","총계","계","","45324",
"강원","삼척시","승용","계","","24718",
"강원","삼척시","승합","계","","1157",
"강원","삼척시","화물","계","","6702",
"강원","삼척시","특수","계","","85",
"강원","삼척시","총계","계","","32662",
"강원","속초시","승용","계","","30492",
"강원","속초시","승합","계","","1578",
"강원","속초시","화물","계","","5762",
"강원","속초시","특수","계","","172",
"강원","속초시","총계","계","","38004",
"강원","양구군","승용","계","","8368",
"강원","양구군","승합","계","","449",
"강원","양구군","화물","계","","3293",
"강원","양구군","특수","계","","47",
"강원","양구군","총계","계","","12157",
"강원","양양군","승용","계","","10968",
"강원","양양군","승합","계","","539",
"강원","양양군","화물","계","","3994",
"강원","양양군","특수","계","","61",
"강원","양양군","총계","계","","15562",
"강원","영월군","승용","계","","14090",
"강원","영월군","승합","계","","927",
"강원","영월군","화물","계","","6104",
"강원","영월군","특수","계","","102",
"강원","영월군","총계","계","","21223",
"강원","원주시","승용","계","","138449",
"강원","원주시","승합","계","","5876",
"강원","원주시","화물","계","","26803",
"강원","원주시","특수","계","","551",
"강원","원주시","총계","계","","171679",
"강원","인제군","승용","계","","12493",
"강원","인제군","승합","계","","665",
"강원","인제군","화물","계","","4825",
"강원","인제군","특수","계","","73",
"강원","인제군","총계","계","","18056",
"강원","정선군","승용","계","","13748",
"강원","정선군","승합","계","","869",
"강원","정선군","화물","계","","6256",
"강원","정선군","특수","계","","90",
"강원","정선군","총계","계","","20963",
"강원","철원군","승용","계","","16193",
"강원","철원군","승합","계","","987",
"강원","철원군","화물","계","","6924",
"강원","철원군","특수","계","","70",
"강원","철원군","총계","계","","24174",
"강원","춘천시","승용","계","","108568",
"강원","춘천시","승합","계","","4755",
"강원","춘천시","화물","계","","20502",
"강원","춘천시","특수","계","","565",
"강원","춘천시","총계","계","","134390",
"강원","태백시","승용","계","","16258",
"강원","태백시","승합","계","","1000",
"강원","태백시","화물","계","","3625",
"강원","태백시","특수","계","","105",
"강원","태백시","총계","계","","20988",
"강원","평창군","승용","계","","16348",
"강원","평창군","승합","계","","983",
"강원","평창군","화물","계","","8453",
"강원","평창군","특수","계","","83",
"강원","평창군","총계","계","","25867",
"강원","홍천군","승용","계","","25215",
"강원","홍천군","승합","계","","1832",
"강원","홍천군","화물","계","","11599",
"강원","홍천군","특수","계","","180",
"강원","홍천군","총계","계","","38826",
"강원","화천군","승용","계","","9193",
"강원","화천군","승합","계","","524",
"강원","화천군","화물","계","","3241",
"강원","화천군","특수","계","","52",
"강원","화천군","총계","계","","13010",
"강원","횡성군","승용","계","","17196",
"강원","횡성군","승합","계","","1054",
"강원","횡성군","화물","계","","8074",
"강원","횡성군","특수","계","","108",
"강원","횡성군","총계","계","","26432",
"충북","계","승용","계","","645420",
"충북","계","승합","계","","30343",
"충북","계","화물","계","","157758",
"충북","계","특수","계","","4081",
"충북","계","총계","계","","837602",
"충북","괴산군","승용","계","","14240",
"충북","괴산군","승합","계","","911",
"충북","괴산군","화물","계","","7797",
"충북","괴산군","특수","계","","63",
"충북","괴산군","총계","계","","23011",
"충북","단양군","승용","계","","10335",
"충북","단양군","승합","계","","675",
"충북","단양군","화물","계","","5261",
"충북","단양군","특수","계","","255",
"충북","단양군","총계","계","","16526",
"충북","보은군","승용","계","","11188",
"충북","보은군","승합","계","","790",
"충북","보은군","화물","계","","6634",
"충북","보은군","특수","계","","123",
"충북","보은군","총계","계","","18735",
"충북","영동군","승용","계","","16177",
"충북","영동군","승합","계","","947",
"충북","영동군","화물","계","","8073",
"충북","영동군","특수","계","","86",
"충북","영동군","총계","계","","25283",
"충북","옥천군","승용","계","","18263",
"충북","옥천군","승합","계","","1053",
"충북","옥천군","화물","계","","7982",
"충북","옥천군","특수","계","","124",
"충북","옥천군","총계","계","","27422",
"충북","음성군","승용","계","","41846",
"충북","음성군","승합","계","","2537",
"충북","음성군","화물","계","","14395",
"충북","음성군","특수","계","","253",
"충북","음성군","총계","계","","59031",
"충북","제천시","승용","계","","50924",
"충북","제천시","승합","계","","2336",
"충북","제천시","화물","계","","15389",
"충북","제천시","특수","계","","992",
"충북","제천시","총계","계","","69641",
"충북","증평군","승용","계","","15083",
"충북","증평군","승합","계","","729",
"충북","증평군","화물","계","","3683",
"충북","증평군","특수","계","","86",
"충북","증평군","총계","계","","19581",
"충북","진천군","승용","계","","36534",
"충북","진천군","승합","계","","1831",
"충북","진천군","화물","계","","9539",
"충북","진천군","특수","계","","176",
"충북","진천군","총계","계","","48080",
"충북","청원군","승용","계","","9",
"충북","청원군","승합","계","","3",
"충북","청원군","화물","계","","8",
"충북","청원군","특수","계","","0",
"충북","청원군","총계","계","","20",
"충북","청주시 상당구","승용","계","","68925",
"충북","청주시 상당구","승합","계","","3075",
"충북","청주시 상당구","화물","계","","12363",
"충북","청주시 상당구","특수","계","","320",
"충북","청주시 상당구","총계","계","","84683",
"충북","청주시 서원구","승용","계","","82011",
"충북","청주시 서원구","승합","계","","3558",
"충북","청주시 서원구","화물","계","","12708",
"충북","청주시 서원구","특수","계","","341",
"충북","청주시 서원구","총계","계","","98618",
"충북","청주시 흥덕구","승용","계","","108296",
"충북","청주시 흥덕구","승합","계","","4329",
"충북","청주시 흥덕구","화물","계","","17303",
"충북","청주시 흥덕구","특수","계","","488",
"충북","청주시 흥덕구","총계","계","","130416",
"충북","청주시 청원구","승용","계","","85407",
"충북","청주시 청원구","승합","계","","3588",
"충북","청주시 청원구","화물","계","","15472",
"충북","청주시 청원구","특수","계","","284",
"충북","청주시 청원구","총계","계","","104751",
"충북","충주시","승용","계","","86182",
"충북","충주시","승합","계","","3981",
"충북","충주시","화물","계","","21151",
"충북","충주시","특수","계","","490",
"충북","충주시","총계","계","","111804",
"충남","계","승용","계","","848515",
"충남","계","승합","계","","42498",
"충남","계","화물","계","","222248",
"충남","계","특수","계","","4856",
"충남","계","총계","계","","1118117",
"충남","계룡시","승용","계","","18744",
"충남","계룡시","승합","계","","871",
"충남","계룡시","화물","계","","2226",
"충남","계룡시","특수","계","","46",
"충남","계룡시","총계","계","","21887",
"충남","공주시","승용","계","","39624",
"충남","공주시","승합","계","","2402",
"충남","공주시","화물","계","","13272",
"충남","공주시","특수","계","","222",
"충남","공주시","총계","계","","55520",
"충남","금산군","승용","계","","19568",
"충남","금산군","승합","계","","1560",
"충남","금산군","화물","계","","8883",
"충남","금산군","특수","계","","111",
"충남","금산군","총계","계","","30122",
"충남","논산시","승용","계","","43018",
"충남","논산시","승합","계","","2896",
"충남","논산시","화물","계","","16597",
"충남","논산시","특수","계","","172",
"충남","논산시","총계","계","","62683",
"충남","당진시","승용","계","","72181",
"충남","당진시","승합","계","","3135",
"충남","당진시","화물","계","","19926",
"충남","당진시","특수","계","","1013",
"충남","당진시","총계","계","","96255",
"충남","보령시","승용","계","","37623",
"충남","보령시","승합","계","","1857",
"충남","보령시","화물","계","","13065",
"충남","보령시","특수","계","","267",
"충남","보령시","총계","계","","52812",
"충남","부여군","승용","계","","21913",
"충남","부여군","승합","계","","1685",
"충남","부여군","화물","계","","11371",
"충남","부여군","특수","계","","109",
"충남","부여군","총계","계","","35078",
"충남","서산시","승용","계","","71289",
"충남","서산시","승합","계","","3473",
"충남","서산시","화물","계","","19564",
"충남","서산시","특수","계","","501",
"충남","서산시","총계","계","","94827",
"충남","서천군","승용","계","","18642",
"충남","서천군","승합","계","","996",
"충남","서천군","화물","계","","8081",
"충남","서천군","특수","계","","138",
"충남","서천군","총계","계","","27857",
"충남","아산시","승용","계","","135240",
"충남","아산시","승합","계","","6338",
"충남","아산시","화물","계","","25280",
"충남","아산시","특수","계","","554",
"충남","아산시","총계","계","","167412",
"충남","예산군","승용","계","","29935",
"충남","예산군","승합","계","","1947",
"충남","예산군","화물","계","","11909",
"충남","예산군","특수","계","","205",
"충남","예산군","총계","계","","43996",
"충남","천안시 동남구","승용","계","","106374",
"충남","천안시 동남구","승합","계","","5052",
"충남","천안시 동남구","화물","계","","20645",
"충남","천안시 동남구","특수","계","","539",
"충남","천안시 동남구","총계","계","","132610",
"충남","천안시 서북구","승용","계","","163293",
"충남","천안시 서북구","승합","계","","6398",
"충남","천안시 서북구","화물","계","","21756",
"충남","천안시 서북구","특수","계","","449",
"충남","천안시 서북구","총계","계","","191896",
"충남","청양군","승용","계","","10537",
"충남","청양군","승합","계","","665",
"충남","청양군","화물","계","","6522",
"충남","청양군","특수","계","","128",
"충남","청양군","총계","계","","17852",
"충남","태안군","승용","계","","22480",
"충남","태안군","승합","계","","1271",
"충남","태안군","화물","계","","10164",
"충남","태안군","특수","계","","114",
"충남","태안군","총계","계","","34029",
"충남","홍성군","승용","계","","38054",
"충남","홍성군","승합","계","","1952",
"충남","홍성군","화물","계","","12987",
"충남","홍성군","특수","계","","288",
"충남","홍성군","총계","계","","53281",
"전북","계","승용","계","","705785",
"전북","계","승합","계","","33218",
"전북","계","화물","계","","186226",
"전북","계","특수","계","","3832",
"전북","계","총계","계","","929061",
"전북","고창군","승용","계","","18493",
"전북","고창군","승합","계","","1438",
"전북","고창군","화물","계","","10492",
"전북","고창군","특수","계","","119",
"전북","고창군","총계","계","","30542",
"전북","군산시","승용","계","","107236",
"전북","군산시","승합","계","","4394",
"전북","군산시","화물","계","","21669",
"전북","군산시","특수","계","","794",
"전북","군산시","총계","계","","134093",
"전북","김제시","승용","계","","30713",
"전북","김제시","승합","계","","1804",
"전북","김제시","화물","계","","13697",
"전북","김제시","특수","계","","282",
"전북","김제시","총계","계","","46496",
"전북","남원시","승용","계","","30673",
"전북","남원시","승합","계","","1797",
"전북","남원시","화물","계","","12705",
"전북","남원시","특수","계","","178",
"전북","남원시","총계","계","","45353",
"전북","무주군","승용","계","","7905",
"전북","무주군","승합","계","","580",
"전북","무주군","화물","계","","4473",
"전북","무주군","특수","계","","56",
"전북","무주군","총계","계","","13014",
"전북","부안군","승용","계","","17828",
"전북","부안군","승합","계","","1116",
"전북","부안군","화물","계","","8723",
"전북","부안군","특수","계","","107",
"전북","부안군","총계","계","","27774",
"전북","순창군","승용","계","","9111",
"전북","순창군","승합","계","","546",
"전북","순창군","화물","계","","4985",
"전북","순창군","특수","계","","56",
"전북","순창군","총계","계","","14698",
"전북","완주군","승용","계","","37013",
"전북","완주군","승합","계","","2310",
"전북","완주군","화물","계","","13633",
"전북","완주군","특수","계","","294",
"전북","완주군","총계","계","","53250",
"전북","익산시","승용","계","","107913",
"전북","익산시","승합","계","","5471",
"전북","익산시","화물","계","","27472",
"전북","익산시","특수","계","","528",
"전북","익산시","총계","계","","141384",
"전북","임실군","승용","계","","9433",
"전북","임실군","승합","계","","597",
"전북","임실군","화물","계","","5001",
"전북","임실군","특수","계","","59",
"전북","임실군","총계","계","","15090",
"전북","장수군","승용","계","","7210",
"전북","장수군","승합","계","","465",
"전북","장수군","화물","계","","4442",
"전북","장수군","특수","계","","51",
"전북","장수군","총계","계","","12168",
"전북","전주시 덕진구","승용","계","","146212",
"전북","전주시 덕진구","승합","계","","5236",
"전북","전주시 덕진구","화물","계","","20968",
"전북","전주시 덕진구","특수","계","","625",
"전북","전주시 덕진구","총계","계","","173041",
"전북","전주시 완산구","승용","계","","128298",
"전북","전주시 완산구","승합","계","","4705",
"전북","전주시 완산구","화물","계","","17722",
"전북","전주시 완산구","특수","계","","386",
"전북","전주시 완산구","총계","계","","151111",
"전북","정읍시","승용","계","","39117",
"전북","정읍시","승합","계","","2164",
"전북","정읍시","화물","계","","15391",
"전북","정읍시","특수","계","","248",
"전북","정읍시","총계","계","","56920",
"전북","진안군","승용","계","","8630",
"전북","진안군","승합","계","","595",
"전북","진안군","화물","계","","4853",
"전북","진안군","특수","계","","49",
"전북","진안군","총계","계","","14127",
"전남","계","승용","계","","767000",
"전남","계","승합","계","","39950",
"전남","계","화물","계","","242281",
"전남","계","특수","계","","7008",
"전남","계","총계","계","","1056239",
"전남","강진군","승용","계","","11440",
"전남","강진군","승합","계","","789",
"전남","강진군","화물","계","","7074",
"전남","강진군","특수","계","","114",
"전남","강진군","총계","계","","19417",
"전남","고흥군","승용","계","","18382",
"전남","고흥군","승합","계","","1334",
"전남","고흥군","화물","계","","11872",
"전남","고흥군","특수","계","","87",
"전남","고흥군","총계","계","","31675",
"전남","곡성군","승용","계","","9362",
"전남","곡성군","승합","계","","584",
"전남","곡성군","화물","계","","5127",
"전남","곡성군","특수","계","","87",
"전남","곡성군","총계","계","","15160",
"전남","광양시","승용","계","","66396",
"전남","광양시","승합","계","","2847",
"전남","광양시","화물","계","","16857",
"전남","광양시","특수","계","","1890",
"전남","광양시","총계","계","","87990",
"전남","구례군","승용","계","","9025",
"전남","구례군","승합","계","","554",
"전남","구례군","화물","계","","4211",
"전남","구례군","특수","계","","52",
"전남","구례군","총계","계","","13842",
"전남","나주시","승용","계","","45700",
"전남","나주시","승합","계","","2584",
"전남","나주시","화물","계","","16684",
"전남","나주시","특수","계","","446",
"전남","나주시","총계","계","","65414",
"전남","담양군","승용","계","","17636",
"전남","담양군","승합","계","","1172",
"전남","담양군","화물","계","","8538",
"전남","담양군","특수","계","","198",
"전남","담양군","총계","계","","27544",
"전남","목포시","승용","계","","80567",
"전남","목포시","승합","계","","3996",
"전남","목포시","화물","계","","16142",
"전남","목포시","특수","계","","533",
"전남","목포시","총계","계","","101238",
"전남","무안군","승용","계","","29663",
"전남","무안군","승합","계","","1730",
"전남","무안군","화물","계","","11350",
"전남","무안군","특수","계","","180",
"전남","무안군","총계","계","","42923",
"전남","보성군","승용","계","","60379",
"전남","보성군","승합","계","","2465",
"전남","보성군","화물","계","","7750",
"전남","보성군","특수","계","","92",
"전남","보성군","총계","계","","70686",
"전남","순천시","승용","계","","109486",
"전남","순천시","승합","계","","4649",
"전남","순천시","화물","계","","24350",
"전남","순천시","특수","계","","1046",
"전남","순천시","총계","계","","139531",
"전남","신안군","승용","계","","12149",
"전남","신안군","승합","계","","824",
"전남","신안군","화물","계","","8800",
"전남","신안군","특수","계","","100",
"전남","신안군","총계","계","","21873",
"전남","여수시","승용","계","","104718",
"전남","여수시","승합","계","","4784",
"전남","여수시","화물","계","","24308",
"전남","여수시","특수","계","","1039",
"전남","여수시","총계","계","","134849",
"전남","영광군","승용","계","","18564",
"전남","영광군","승합","계","","1000",
"전남","영광군","화물","계","","8202",
"전남","영광군","특수","계","","97",
"전남","영광군","총계","계","","27863",
"전남","영암군","승용","계","","35543",
"전남","영암군","승합","계","","1688",
"전남","영암군","화물","계","","11052",
"전남","영암군","특수","계","","259",
"전남","영암군","총계","계","","48542",
"전남","완도군","승용","계","","14877",
"전남","완도군","승합","계","","986",
"전남","완도군","화물","계","","9408",
"전남","완도군","특수","계","","105",
"전남","완도군","총계","계","","25376",
"전남","장성군","승용","계","","17734",
"전남","장성군","승합","계","","1011",
"전남","장성군","화물","계","","8436",
"전남","장성군","특수","계","","172",
"전남","장성군","총계","계","","27353",
"전남","장흥군","승용","계","","12466",
"전남","장흥군","승합","계","","759",
"전남","장흥군","화물","계","","7052",
"전남","장흥군","특수","계","","65",
"전남","장흥군","총계","계","","20342",
"전남","진도군","승용","계","","9916",
"전남","진도군","승합","계","","677",
"전남","진도군","화물","계","","5996",
"전남","진도군","특수","계","","47",
"전남","진도군","총계","계","","16636",
"전남","함평군","승용","계","","37777",
"전남","함평군","승합","계","","1382",
"전남","함평군","화물","계","","6265",
"전남","함평군","특수","계","","65",
"전남","함평군","총계","계","","45489",
"전남","해남군","승용","계","","22542",
"전남","해남군","승합","계","","1789",
"전남","해남군","화물","계","","14569",
"전남","해남군","특수","계","","123",
"전남","해남군","총계","계","","39023",
"전남","화순군","승용","계","","22678",
"전남","화순군","승합","계","","2346",
"전남","화순군","화물","계","","8238",
"전남","화순군","특수","계","","211",
"전남","화순군","총계","계","","33473",
"경북","계","승용","계","","1072203",
"경북","계","승합","계","","49038",
"경북","계","화물","계","","317057",
"경북","계","특수","계","","7964",
"경북","계","총계","계","","1446262",
"경북","경산시","승용","계","","108143",
"경북","경산시","승합","계","","4078",
"경북","경산시","화물","계","","25639",
"경북","경산시","특수","계","","1056",
"경북","경산시","총계","계","","138916",
"경북","경주시","승용","계","","109563",
"경북","경주시","승합","계","","5052",
"경북","경주시","화물","계","","27611",
"경북","경주시","특수","계","","654",
"경북","경주시","총계","계","","142880",
"경북","고령군","승용","계","","13437",
"경북","고령군","승합","계","","770",
"경북","고령군","화물","계","","6589",
"경북","고령군","특수","계","","86",
"경북","고령군","총계","계","","20882",
"경북","구미시","승용","계","","178373",
"경북","구미시","승합","계","","7241",
"경북","구미시","화물","계","","29931",
"경북","구미시","특수","계","","621",
"경북","구미시","총계","계","","216166",
"경북","군위군","승용","계","","9105",
"경북","군위군","승합","계","","479",
"경북","군위군","화물","계","","5285",
"경북","군위군","특수","계","","66",
"경북","군위군","총계","계","","14935",
"경북","김천시","승용","계","","53617",
"경북","김천시","승합","계","","2586",
"경북","김천시","화물","계","","17601",
"경북","김천시","특수","계","","266",
"경북","김천시","총계","계","","74070",
"경북","문경시","승용","계","","25158",
"경북","문경시","승합","계","","1530",
"경북","문경시","화물","계","","9926",
"경북","문경시","특수","계","","140",
"경북","문경시","총계","계","","36754",
"경북","봉화군","승용","계","","10405",
"경북","봉화군","승합","계","","573",
"경북","봉화군","화물","계","","6773",
"경북","봉화군","특수","계","","49",
"경북","봉화군","총계","계","","17800",
"경북","상주시","승용","계","","34629",
"경북","상주시","승합","계","","2095",
"경북","상주시","화물","계","","17643",
"경북","상주시","특수","계","","258",
"경북","상주시","총계","계","","54625",
"경북","성주군","승용","계","","18538",
"경북","성주군","승합","계","","957",
"경북","성주군","화물","계","","11474",
"경북","성주군","특수","계","","226",
"경북","성주군","총계","계","","31195",
"경북","안동시","승용","계","","59873",
"경북","안동시","승합","계","","2860",
"경북","안동시","화물","계","","20098",
"경북","안동시","특수","계","","394",
"경북","안동시","총계","계","","83225",
"경북","영덕군","승용","계","","12252",
"경북","영덕군","승합","계","","748",
"경북","영덕군","화물","계","","6019",
"경북","영덕군","특수","계","","61",
"경북","영덕군","총계","계","","19080",
"경북","영양군","승용","계","","5574",
"경북","영양군","승합","계","","356",
"경북","영양군","화물","계","","3682",
"경북","영양군","특수","계","","29",
"경북","영양군","총계","계","","9641",
"경북","영주시","승용","계","","38680",
"경북","영주시","승합","계","","2011",
"경북","영주시","화물","계","","15298",
"경북","영주시","특수","계","","285",
"경북","영주시","총계","계","","56274",
"경북","영천시","승용","계","","40832",
"경북","영천시","승합","계","","2221",
"경북","영천시","화물","계","","17388",
"경북","영천시","특수","계","","480",
"경북","영천시","총계","계","","60921",
"경북","예천군","승용","계","","19753",
"경북","예천군","승합","계","","920",
"경북","예천군","화물","계","","8114",
"경북","예천군","특수","계","","117",
"경북","예천군","총계","계","","28904",
"경북","울릉군","승용","계","","3928",
"경북","울릉군","승합","계","","449",
"경북","울릉군","화물","계","","1413",
"경북","울릉군","특수","계","","19",
"경북","울릉군","총계","계","","5809",
"경북","울진군","승용","계","","18572",
"경북","울진군","승합","계","","874",
"경북","울진군","화물","계","","6427",
"경북","울진군","특수","계","","107",
"경북","울진군","총계","계","","25980",
"경북","의성군","승용","계","","17759",
"경북","의성군","승합","계","","1088",
"경북","의성군","화물","계","","12064",
"경북","의성군","특수","계","","160",
"경북","의성군","총계","계","","31071",
"경북","청도군","승용","계","","16300",
"경북","청도군","승합","계","","772",
"경북","청도군","화물","계","","8062",
"경북","청도군","특수","계","","99",
"경북","청도군","총계","계","","25233",
"경북","청송군","승용","계","","9164",
"경북","청송군","승합","계","","562",
"경북","청송군","화물","계","","5687",
"경북","청송군","특수","계","","49",
"경북","청송군","총계","계","","15462",
"경북","칠곡군","승용","계","","53116",
"경북","칠곡군","승합","계","","2687",
"경북","칠곡군","화물","계","","13893",
"경북","칠곡군","특수","계","","318",
"경북","칠곡군","총계","계","","70014",
"경북","포항시 남구","승용","계","","100234",
"경북","포항시 남구","승합","계","","4300",
"경북","포항시 남구","화물","계","","21888",
"경북","포항시 남구","특수","계","","1979",
"경북","포항시 남구","총계","계","","128401",
"경북","포항시 북구","승용","계","","115198",
"경북","포항시 북구","승합","계","","3829",
"경북","포항시 북구","화물","계","","18552",
"경북","포항시 북구","특수","계","","445",
"경북","포항시 북구","총계","계","","138024",
"경남","계","승용","계","","1366284",
"경남","계","승합","계","","55134",
"경남","계","화물","계","","292183",
"경남","계","특수","계","","7902",
"경남","계","총계","계","","1721503",
"경남","고성군","승용","계","","18223",
"경남","고성군","승합","계","","1055",
"경남","고성군","화물","계","","7423",
"경남","고성군","특수","계","","144",
"경남","고성군","총계","계","","26845",
"경남","거제시","승용","계","","89899",
"경남","거제시","승합","계","","3988",
"경남","거제시","화물","계","","12157",
"경남","거제시","특수","계","","289",
"경남","거제시","총계","계","","106333",
"경남","거창군","승용","계","","21739",
"경남","거창군","승합","계","","1197",
"경남","거창군","화물","계","","9108",
"경남","거창군","특수","계","","221",
"경남","거창군","총계","계","","32265",
"경남","김해시","승용","계","","220670",
"경남","김해시","승합","계","","8280",
"경남","김해시","화물","계","","44285",
"경남","김해시","특수","계","","858",
"경남","김해시","총계","계","","274093",
"경남","남해군","승용","계","","12879",
"경남","남해군","승합","계","","796",
"경남","남해군","화물","계","","6151",
"경남","남해군","특수","계","","64",
"경남","남해군","총계","계","","19890",
"경남","밀양시","승용","계","","39492",
"경남","밀양시","승합","계","","1908",
"경남","밀양시","화물","계","","16204",
"경남","밀양시","특수","계","","734",
"경남","밀양시","총계","계","","58338",
"경남","사천시","승용","계","","43155",
"경남","사천시","승합","계","","1998",
"경남","사천시","화물","계","","11113",
"경남","사천시","특수","계","","230",
"경남","사천시","총계","계","","56496",
"경남","산청군","승용","계","","12247",
"경남","산청군","승합","계","","682",
"경남","산청군","화물","계","","7337",
"경남","산청군","특수","계","","243",
"경남","산청군","총계","계","","20509",
"경남","양산시","승용","계","","133680",
"경남","양산시","승합","계","","5967",
"경남","양산시","화물","계","","28329",
"경남","양산시","특수","계","","1899",
"경남","양산시","총계","계","","169875",
"경남","의령군","승용","계","","9370",
"경남","의령군","승합","계","","537",
"경남","의령군","화물","계","","4813",
"경남","의령군","특수","계","","119",
"경남","의령군","총계","계","","14839",
"경남","진주시","승용","계","","131930",
"경남","진주시","승합","계","","5468",
"경남","진주시","화물","계","","29840",
"경남","진주시","특수","계","","651",
"경남","진주시","총계","계","","167889",
"경남","창녕군","승용","계","","23960",
"경남","창녕군","승합","계","","1367",
"경남","창녕군","화물","계","","10328",
"경남","창녕군","특수","계","","157",
"경남","창녕군","총계","계","","35812",
"경남","창원시 마산합포구","승용","계","","86386",
"경남","창원시 마산합포구","승합","계","","2885",
"경남","창원시 마산합포구","화물","계","","11861",
"경남","창원시 마산합포구","특수","계","","194",
"경남","창원시 마산합포구","총계","계","","101326",
"경남","창원시 마산회원구","승용","계","","81593",
"경남","창원시 마산회원구","승합","계","","2912",
"경남","창원시 마산회원구","화물","계","","13226",
"경남","창원시 마산회원구","특수","계","","335",
"경남","창원시 마산회원구","총계","계","","98066",
"경남","창원시 성산구","승용","계","","108682",
"경남","창원시 성산구","승합","계","","2886",
"경남","창원시 성산구","화물","계","","9572",
"경남","창원시 성산구","특수","계","","248",
"경남","창원시 성산구","총계","계","","121388",
"경남","창원시 의창구","승용","계","","127474",
"경남","창원시 의창구","승합","계","","4089",
"경남","창원시 의창구","화물","계","","20019",
"경남","창원시 의창구","특수","계","","498",
"경남","창원시 의창구","총계","계","","152080",
"경남","창원시 진해구","승용","계","","79339",
"경남","창원시 진해구","승합","계","","2676",
"경남","창원시 진해구","화물","계","","8130",
"경남","창원시 진해구","특수","계","","274",
"경남","창원시 진해구","총계","계","","90419",
"경남","통영시","승용","계","","41945",
"경남","통영시","승합","계","","2425",
"경남","통영시","화물","계","","9247",
"경남","통영시","특수","계","","143",
"경남","통영시","총계","계","","53760",
"경남","하동군","승용","계","","15786",
"경남","하동군","승합","계","","797",
"경남","하동군","화물","계","","8125",
"경남","하동군","특수","계","","121",
"경남","하동군","총계","계","","24829",
"경남","함안군","승용","계","","41069",
"경남","함안군","승합","계","","1687",
"경남","함안군","화물","계","","10299",
"경남","함안군","특수","계","","305",
"경남","함안군","총계","계","","53360",
"경남","함양군","승용","계","","12273",
"경남","함양군","승합","계","","716",
"경남","함양군","화물","계","","6413",
"경남","함양군","특수","계","","71",
"경남","함양군","총계","계","","19473",
"경남","합천군","승용","계","","14493",
"경남","합천군","승합","계","","818",
"경남","합천군","화물","계","","8203",
"경남","합천군","특수","계","","104",
"경남","합천군","총계","계","","23618",
"제주","계","승용","계","","495054",
"제주","계","승합","계","","19751",
"제주","계","화물","계","","80052",
"제주","계","특수","계","","1358",
"제주","계","총계","계","","596215",
"제주","서귀포시","승용","계","","72601",
"제주","서귀포시","승합","계","","3691",
"제주","서귀포시","화물","계","","28280",
"제주","서귀포시","특수","계","","331",
"제주","서귀포시","총계","계","","104903",
"제주","제주시","승용","계","","422453",
"제주","제주시","승합","계","","16060",
"제주","제주시","화물","계","","51772",
"제주","제주시","특수","계","","1027",
"제주","제주시","총계","계","","491312",
